Alba;4;Tortuga;Verde;Verdura;NinjaTurtlesMarc;11;Tortuga;Azul;Verdura;TotTortuguesJosep;12;Perro;Rojo;Pescado;Perro del Hortelano
Marta;19;Gato;Verde;Carne;Verdulero Loco
Julia;12;Tortuga;Rojo;Carne;Tiny the Turtle

Peter;7;Perro;Rojo;Pescado;PeterPan

Eva;9;Gato;Rojo;Pescado;Redcat

Sara;6;Perro;Verde;Verdura;Rarp como un perro verde

Edu;11;Tortuga;Azul;Pescado;Tortuguita de mar

Cristiano;22;Perro;Rojo;Verdura;Perrete Vegano

;;Perro;Azul;Carne;

;;Perro;Azul;Carne;

Sonia;13;Tortuga;Verde;Verdura;Turtle Attack!

;;Perro;Azul;Carne;

;;Perro;Azul;Carne;

;;Perro;Azul;Carne;
