Nombre;Edad;Animal;Color;Comida;Titulo
Diego;55;"Gato";Azul;"Carne";Perro
Cristina;56;"Tortuga";Azul;"Verdura";Carne
Diana;15;"Perro";Rojo;"Pescado";Azul
Anna;30;"Perro";Rojo;"Carne";Verdura
Alex;82;"Gato";Azul;"Carne";Azul
Beatriz;32;"Perro";Rojo;"Pescado";Verdura
Alex;94;"Gato";Verde;"Carne";Gato
Alex;41;"Perro";Azul;"Carne";Verdura
Diana;25;"Tortuga";Verde;"Verdura";Verde
Anna;89;"Perro";Azul;"Carne";Verdura
Cristina;86;"Perro";Azul;"Pescado";Azul
Berto;67;"Gato";Verde;"Carne";Tortuga
Diana;92;"Perro";Verde;"Carne";Verde
Alex;38;"Perro";Azul;"Pescado";Carne
Anna;96;"Perro";Azul;"Carne";Tortuga
Beatriz;81;"Perro";Azul;"Carne";Rojo
Beatriz;38;"Perro";Azul;"Carne";Gato
Diana;53;"Perro";Azul;"Carne";Azul
Diego;48;"Perro";Azul;"Pescado";Pescado
Beatriz;71;"Perro";Verde;"Carne";Gato
Berto;64;"Perro";Verde;"Pescado";Perro
Cristina;78;"Gato";Rojo;"Verdura";Gato
Carlos;22;"Perro";Verde;"Carne";Rojo
Diego;96;"Gato";Azul;"Carne";Verde
Beatriz;33;"Perro";Azul;"Verdura";Rojo
Diana;77;"Perro";Azul;"Carne";Gato
Berto;93;"Gato";Verde;"Verdura";Carne
Diana;10;"Perro";Azul;"Pescado";Rojo
Carlos;32;"Gato";Azul;"Carne";Tortuga
Anna;79;"Perro";Verde;"Carne";Verde
Carlos;17;"Perro";Rojo;"Carne";Verde
Cristina;25;"Perro";Verde;"Carne";Pescado
Diana;80;"Perro";Rojo;"Verdura";Pescado
Berto;60;"Tortuga";Azul;"Carne";Verde
Carlos;23;"Perro";Rojo;"Pescado";Pescado
Berto;76;"Perro";Verde;"Carne";Perro
Cristina;10;"Perro";Azul;"Carne";Azul
Berto;72;"Perro";Azul;"Pescado";Carne
Anna;35;"Perro";Rojo;"Verdura";Pescado
Carlos;90;"Perro";Azul;"Carne";Verde
Alex;35;"Perro";Azul;"Pescado";Verde
Diego;38;"Perro";Verde;"Pescado";Azul
Diego;42;"Perro";Azul;"Pescado";Rojo
Alex;17;"Perro";Azul;"Pescado";Rojo
Alex;47;"Perro";Rojo;"Verdura";Perro
Diego;66;"Perro";Verde;"Carne";Gato
Cristina;44;"Perro";Azul;"Verdura";Azul
Carlos;76;"Perro";Azul;"Verdura";Verde
Anna;64;"Perro";Verde;"Carne";Tortuga
Berto;74;"Perro";Azul;"Verdura";Pescado
Alex;54;"Perro";Rojo;"Carne";Verdura
Alex;19;"Perro";Azul;"Pescado";Tortuga
Cristina;52;"Perro";Rojo;"Carne";Carne
Berto;81;"Perro";Azul;"Pescado";Pescado
Alex;78;"Perro";Azul;"Carne";Verdura
Anna;87;"Perro";Azul;"Carne";Azul
Alex;41;"Perro";Rojo;"Carne";Verdura
Alex;56;"Gato";Azul;"Verdura";Pescado
Diana;57;"Tortuga";Verde;"Verdura";Carne
Berto;80;"Gato";Verde;"Verdura";Carne
Berto;12;"Perro";Azul;"Carne";Rojo
Berto;46;"Perro";Azul;"Carne";Verde
Berto;56;"Perro";Verde;"Carne";Verdura
Carlos;84;"Tortuga";Verde;"Pescado";Perro
Berto;29;"Perro";Verde;"Verdura";Azul
Anna;44;"Perro";Verde;"Carne";Verde
Berto;48;"Gato";Azul;"Carne";Gato
Cristina;69;"Perro";Verde;"Verdura";Verde
Cristina;59;"Tortuga";Azul;"Carne";Verde
Diego;47;"Perro";Azul;"Carne";Azul
Berto;89;"Perro";Verde;"Pescado";Pescado
Berto;27;"Tortuga";Rojo;"Verdura";Verdura
Berto;65;"Perro";Rojo;"Carne";Verde
Diego;80;"Gato";Verde;"Carne";Azul
Alex;89;"Gato";Rojo;"Carne";Perro
Anna;35;"Perro";Azul;"Pescado";Carne
Berto;67;"Perro";Rojo;"Carne";Perro
Diana;15;"Perro";Verde;"Carne";Azul
Anna;80;"Perro";Verde;"Carne";Verdura
Cristina;36;"Tortuga";Azul;"Pescado";Carne
Berto;96;"Perro";Verde;"Carne";Rojo
Carlos;75;"Perro";Azul;"Carne";Perro
Alex;61;"Gato";Azul;"Pescado";Tortuga
Berto;26;"Gato";Azul;"Verdura";Gato
Berto;98;"Perro";Azul;"Carne";Carne
Carlos;10;"Perro";Azul;"Carne";Pescado
Carlos;16;"Perro";Verde;"Carne";Rojo
Beatriz;78;"Gato";Verde;"Carne";Rojo
Cristina;50;"Gato";Azul;"Verdura";Pescado
Diana;68;"Perro";Verde;"Carne";Verde
Carlos;62;"Perro";Verde;"Carne";Verdura
Cristina;26;"Perro";Azul;"Carne";Carne
Diego;12;"Perro";Azul;"Carne";Perro
Berto;23;"Perro";Azul;"Carne";Verde
Berto;42;"Perro";Azul;"Carne";Carne
Berto;39;"Perro";Azul;"Carne";Tortuga
Anna;17;"Perro";Verde;"Verdura";Gato
Carlos;62;"Perro";Azul;"Carne";Azul
Anna;39;"Perro";Verde;"Pescado";Gato
Diego;18;"Gato";Azul;"Verdura";Carne
Berto;83;"Gato";Azul;"Pescado";Tortuga
Cristina;71;"Tortuga";Azul;"Carne";Tortuga
Diana;85;"Perro";Azul;"Verdura";Rojo
Berto;29;"Perro";Verde;"Carne";Gato
Alex;52;"Perro";Verde;"Verdura";Carne
Beatriz;10;"Perro";Azul;"Verdura";Verde
Anna;96;"Perro";Azul;"Carne";Carne
Anna;81;"Tortuga";Azul;"Carne";Perro
Cristina;29;"Perro";Verde;"Carne";Azul
Berto;75;"Perro";Azul;"Verdura";Gato
Beatriz;21;"Perro";Verde;"Carne";Tortuga
Cristina;29;"Perro";Azul;"Verdura";Carne
Diana;19;"Perro";Azul;"Verdura";Perro
Beatriz;32;"Perro";Rojo;"Carne";Azul
Diana;21;"Gato";Verde;"Pescado";Rojo
Diana;43;"Perro";Rojo;"Verdura";Verde
Beatriz;63;"Perro";Azul;"Carne";Pescado
Anna;75;"Gato";Azul;"Carne";Verde
Carlos;78;"Perro";Azul;"Verdura";Perro
Alex;77;"Tortuga";Azul;"Verdura";Verdura
Cristina;35;"Perro";Azul;"Verdura";Perro
Diego;51;"Gato";Verde;"Carne";Gato
Diego;16;"Perro";Verde;"Carne";Rojo
Diana;61;"Perro";Verde;"Verdura";Tortuga
Cristina;34;"Tortuga";Verde;"Carne";Rojo
Alex;57;"Perro";Azul;"Carne";Verde
Alex;73;"Perro";Rojo;"Carne";Rojo
Beatriz;12;"Perro";Verde;"Carne";Gato
Anna;83;"Perro";Azul;"Carne";Perro
Berto;11;"Perro";Azul;"Pescado";Perro
Beatriz;77;"Gato";Azul;"Carne";Rojo
Diego;79;"Perro";Azul;"Verdura";Verdura
Diana;28;"Tortuga";Azul;"Carne";Rojo
Alex;40;"Perro";Rojo;"Carne";Pescado
Carlos;49;"Perro";Azul;"Carne";Gato
Alex;54;"Gato";Azul;"Pescado";Verdura
Beatriz;79;"Gato";Azul;"Verdura";Verde
Anna;32;"Perro";Verde;"Carne";Pescado
Cristina;85;"Perro";Azul;"Pescado";Pescado
Diego;10;"Perro";Azul;"Carne";Tortuga
Anna;75;"Gato";Azul;"Carne";Perro
Diana;89;"Gato";Azul;"Pescado";Verdura
Berto;100;"Perro";Azul;"Carne";Carne
Carlos;30;"Perro";Verde;"Carne";Carne
Diana;43;"Perro";Verde;"Carne";Verdura
Alex;94;"Perro";Azul;"Carne";Verde
Beatriz;71;"Perro";Verde;"Pescado";Tortuga
Diego;14;"Gato";Azul;"Carne";Tortuga
Carlos;35;"Perro";Verde;"Carne";Azul
Alex;90;"Perro";Azul;"Pescado";Tortuga
Carlos;79;"Perro";Azul;"Carne";Carne
Diana;83;"Perro";Verde;"Carne";Verdura
Alex;89;"Gato";Azul;"Verdura";Azul
Beatriz;54;"Tortuga";Azul;"Carne";Carne
Carlos;51;"Gato";Rojo;"Verdura";Perro
Diana;60;"Perro";Verde;"Carne";Tortuga
Diana;88;"Perro";Azul;"Carne";Rojo
Alex;48;"Perro";Verde;"Pescado";Verdura
Diego;88;"Perro";Azul;"Pescado";Carne
Berto;92;"Tortuga";Azul;"Carne";Rojo
Cristina;15;"Gato";Azul;"Carne";Pescado
Beatriz;55;"Perro";Verde;"Pescado";Tortuga
Berto;16;"Perro";Azul;"Carne";Azul
Diego;15;"Perro";Verde;"Carne";Verdura
Carlos;97;"Perro";Azul;"Verdura";Pescado
Cristina;41;"Perro";Verde;"Pescado";Verdura
Diana;10;"Perro";Verde;"Pescado";Verde
Carlos;48;"Perro";Verde;"Carne";Rojo
Carlos;54;"Perro";Azul;"Verdura";Carne
Cristina;34;"Perro";Verde;"Carne";Tortuga
Beatriz;37;"Perro";Azul;"Carne";Carne
Berto;65;"Perro";Azul;"Verdura";Carne
Diana;57;"Perro";Azul;"Carne";Rojo
Carlos;82;"Perro";Azul;"Carne";Verde
Anna;89;"Gato";Verde;"Carne";Perro
Diana;80;"Perro";Azul;"Carne";Pescado
Alex;11;"Perro";Azul;"Pescado";Rojo
Alex;69;"Tortuga";Verde;"Carne";Perro
Berto;43;"Perro";Azul;"Pescado";Tortuga
Alex;17;"Perro";Azul;"Carne";Rojo
Beatriz;65;"Perro";Verde;"Carne";Azul
Diego;32;"Perro";Rojo;"Carne";Gato
Diego;60;"Tortuga";Rojo;"Verdura";Azul
Diana;90;"Perro";Azul;"Carne";Verde
Diana;40;"Perro";Azul;"Carne";Verdura
Carlos;11;"Perro";Rojo;"Pescado";Pescado
Anna;82;"Gato";Verde;"Carne";Verde
Diego;73;"Perro";Verde;"Carne";Azul
Berto;84;"Perro";Azul;"Carne";Verdura
Diana;86;"Perro";Azul;"Verdura";Verdura
Alex;81;"Perro";Verde;"Verdura";Perro
Diana;57;"Perro";Azul;"Carne";Azul
Beatriz;96;"Perro";Rojo;"Carne";Verdura
Beatriz;18;"Tortuga";Azul;"Carne";Gato
Anna;39;"Gato";Verde;"Carne";Rojo
Berto;58;"Perro";Verde;"Carne";Rojo
Diana;44;"Gato";Azul;"Pescado";Verdura
Anna;13;"Perro";Verde;"Carne";Carne
Beatriz;12;"Perro";Rojo;"Carne";Azul
Diego;89;"Perro";Azul;"Verdura";Azul
Diego;19;"Tortuga";Azul;"Verdura";Gato
Diego;41;"Gato";Verde;"Carne";Pescado
Carlos;96;"Gato";Verde;"Carne";Azul
Berto;72;"Perro";Azul;"Carne";Gato
Alex;85;"Perro";Azul;"Carne";Gato
Diego;26;"Perro";Azul;"Carne";Rojo
Berto;30;"Gato";Azul;"Carne";Perro
Alex;83;"Perro";Verde;"Verdura";Pescado
Diana;20;"Gato";Azul;"Carne";Carne
Diana;63;"Gato";Verde;"Carne";Azul
Diana;73;"Perro";Rojo;"Carne";Gato
Beatriz;35;"Gato";Azul;"Carne";Carne
Carlos;93;"Perro";Verde;"Carne";Verdura
Anna;89;"Tortuga";Azul;"Verdura";Azul
Cristina;88;"Gato";Verde;"Verdura";Tortuga
Cristina;77;"Perro";Azul;"Verdura";Gato
Alex;99;"Perro";Azul;"Carne";Azul
Cristina;19;"Perro";Rojo;"Carne";Tortuga
Cristina;40;"Gato";Rojo;"Carne";Pescado
Alex;29;"Perro";Azul;"Verdura";Carne
Anna;67;"Perro";Verde;"Carne";Rojo
Alex;46;"Perro";Azul;"Pescado";Verdura
Beatriz;49;"Perro";Verde;"Pescado";Pescado
Diana;67;"Perro";Azul;"Carne";Gato
Diana;33;"Perro";Rojo;"Carne";Carne
Anna;77;"Perro";Azul;"Carne";Tortuga
Diego;71;"Tortuga";Azul;"Carne";Verde
Carlos;18;"Perro";Verde;"Carne";Carne
Diego;56;"Perro";Rojo;"Carne";Gato
Diana;54;"Perro";Azul;"Carne";Verdura
Diana;61;"Perro";Verde;"Carne";Rojo
Beatriz;44;"Perro";Azul;"Verdura";Rojo
Beatriz;38;"Perro";Azul;"Verdura";Verde
Berto;48;"Gato";Azul;"Pescado";Azul
Alex;49;"Tortuga";Rojo;"Carne";Verdura
Anna;29;"Perro";Azul;"Carne";Verdura
Diana;71;"Perro";Verde;"Pescado";Rojo
Alex;69;"Perro";Azul;"Carne";Rojo
Diana;60;"Perro";Verde;"Carne";Tortuga
Beatriz;38;"Perro";Rojo;"Carne";Verdura
Anna;14;"Perro";Verde;"Carne";Tortuga
Carlos;17;"Perro";Verde;"Verdura";Rojo
Diego;70;"Gato";Azul;"Carne";Perro
Diana;77;"Perro";Verde;"Carne";Carne
Anna;25;"Gato";Azul;"Pescado";Verde
Anna;85;"Perro";Rojo;"Carne";Gato
Berto;73;"Perro";Azul;"Carne";Pescado
Cristina;71;"Perro";Verde;"Carne";Verdura
Alex;96;"Perro";Rojo;"Carne";Rojo
Beatriz;89;"Gato";Azul;"Carne";Tortuga
Carlos;23;"Tortuga";Verde;"Carne";Carne
Anna;63;"Gato";Azul;"Carne";Verdura
Berto;25;"Tortuga";Azul;"Carne";Azul
Beatriz;35;"Gato";Azul;"Carne";Tortuga
Diana;22;"Perro";Rojo;"Pescado";Carne
Cristina;23;"Perro";Azul;"Carne";Gato
Cristina;74;"Perro";Verde;"Carne";Perro
Diego;42;"Tortuga";Verde;"Carne";Verdura
Diego;53;"Perro";Verde;"Carne";Verdura
Alex;38;"Perro";Verde;"Carne";Pescado
Berto;70;"Tortuga";Azul;"Verdura";Tortuga
Anna;23;"Perro";Azul;"Pescado";Carne
Beatriz;46;"Perro";Azul;"Carne";Pescado
Diana;13;"Perro";Verde;"Carne";Rojo
Anna;19;"Perro";Azul;"Carne";Perro
Carlos;12;"Perro";Azul;"Carne";Gato
Alex;94;"Perro";Azul;"Carne";Gato
Alex;67;"Perro";Azul;"Pescado";Pescado
Cristina;81;"Gato";Verde;"Carne";Perro
Diana;99;"Perro";Azul;"Pescado";Perro
Beatriz;93;"Perro";Azul;"Carne";Pescado
Diana;76;"Perro";Azul;"Carne";Pescado
Berto;32;"Perro";Azul;"Verdura";Rojo
Alex;64;"Perro";Rojo;"Carne";Carne
Diego;64;"Gato";Verde;"Verdura";Verde
Carlos;51;"Gato";Azul;"Carne";Carne
Diego;97;"Gato";Verde;"Pescado";Azul
Beatriz;33;"Perro";Verde;"Carne";Verde
Alex;89;"Perro";Rojo;"Carne";Verdura
Anna;100;"Perro";Azul;"Verdura";Verde
Berto;94;"Perro";Rojo;"Carne";Pescado
Carlos;31;"Gato";Verde;"Carne";Pescado
Anna;72;"Perro";Azul;"Pescado";Carne
Carlos;73;"Perro";Azul;"Carne";Gato
Beatriz;92;"Tortuga";Rojo;"Verdura";Azul
Alex;25;"Perro";Azul;"Pescado";Verde
Cristina;50;"Perro";Verde;"Verdura";Perro
Beatriz;12;"Perro";Azul;"Verdura";Verde
Cristina;34;"Perro";Azul;"Carne";Perro
Beatriz;48;"Perro";Verde;"Carne";Perro
Berto;30;"Tortuga";Azul;"Pescado";Tortuga
Anna;84;"Perro";Verde;"Verdura";Tortuga
Diana;32;"Gato";Azul;"Verdura";Rojo
Cristina;48;"Perro";Verde;"Carne";Rojo
Anna;86;"Perro";Rojo;"Verdura";Verde
Carlos;37;"Perro";Azul;"Carne";Rojo
Alex;21;"Perro";Verde;"Pescado";Perro
Cristina;14;"Perro";Azul;"Verdura";Tortuga
Carlos;56;"Perro";Verde;"Pescado";Verdura
Alex;94;"Perro";Rojo;"Carne";Pescado
Diana;97;"Gato";Azul;"Pescado";Perro
Diana;41;"Tortuga";Azul;"Verdura";Tortuga
Anna;39;"Perro";Azul;"Carne";Azul
Anna;88;"Perro";Azul;"Carne";Rojo
Beatriz;27;"Perro";Azul;"Carne";Perro
Anna;32;"Perro";Rojo;"Carne";Verdura
Anna;96;"Gato";Azul;"Pescado";Tortuga
Carlos;61;"Perro";Verde;"Verdura";Perro
Beatriz;41;"Perro";Azul;"Carne";Carne
Berto;25;"Perro";Azul;"Pescado";Perro
Cristina;10;"Perro";Rojo;"Carne";Verde
Diana;77;"Perro";Azul;"Carne";Pescado
Anna;100;"Gato";Azul;"Carne";Verde
Diego;51;"Perro";Rojo;"Carne";Perro
Diana;52;"Perro";Azul;"Carne";Tortuga
Beatriz;22;"Perro";Azul;"Pescado";Rojo
Carlos;21;"Perro";Azul;"Verdura";Perro
Alex;89;"Perro";Azul;"Verdura";Gato
Cristina;35;"Gato";Rojo;"Pescado";Gato
Cristina;58;"Perro";Azul;"Pescado";Rojo
Berto;51;"Perro";Azul;"Carne";Rojo
Diego;55;"Perro";Azul;"Carne";Azul
Berto;80;"Perro";Verde;"Carne";Azul
Diego;59;"Perro";Verde;"Carne";Tortuga
Beatriz;18;"Perro";Rojo;"Verdura";Rojo
Alex;14;"Perro";Azul;"Carne";Verdura
Alex;99;"Perro";Verde;"Carne";Verde
Berto;15;"Perro";Verde;"Pescado";Verde
Diana;95;"Perro";Azul;"Carne";Carne
Diana;96;"Perro";Azul;"Carne";Pescado
Beatriz;31;"Gato";Verde;"Verdura";Pescado
Carlos;73;"Gato";Verde;"Pescado";Rojo
Anna;46;"Perro";Azul;"Carne";Azul
Cristina;14;"Perro";Rojo;"Verdura";Verde
Anna;18;"Perro";Verde;"Carne";Verde
Alex;39;"Gato";Verde;"Carne";Perro
Carlos;60;"Perro";Rojo;"Carne";Verde
Cristina;96;"Perro";Azul;"Carne";Carne
Cristina;70;"Gato";Verde;"Carne";Tortuga
Carlos;12;"Perro";Verde;"Verdura";Tortuga
Carlos;83;"Perro";Rojo;"Pescado";Verde
Berto;90;"Perro";Azul;"Carne";Pescado
Berto;87;"Perro";Rojo;"Pescado";Azul
Cristina;49;"Perro";Azul;"Carne";Perro
Cristina;57;"Gato";Azul;"Carne";Rojo
Beatriz;15;"Perro";Rojo;"Carne";Verdura
Alex;52;"Perro";Azul;"Pescado";Azul
Alex;69;"Perro";Azul;"Pescado";Tortuga
Berto;19;"Perro";Rojo;"Pescado";Carne
Berto;26;"Perro";Azul;"Carne";Perro
Berto;53;"Perro";Verde;"Carne";Tortuga
Anna;19;"Perro";Verde;"Carne";Gato
Cristina;11;"Gato";Verde;"Verdura";Perro
Carlos;59;"Gato";Verde;"Carne";Gato
Alex;50;"Perro";Rojo;"Verdura";Pescado
Berto;34;"Perro";Verde;"Carne";Perro
Anna;91;"Perro";Rojo;"Verdura";Rojo
Alex;41;"Tortuga";Azul;"Carne";Verde
Cristina;29;"Perro";Azul;"Carne";Perro
Cristina;71;"Tortuga";Azul;"Verdura";Rojo
Berto;47;"Tortuga";Azul;"Carne";Azul
Alex;66;"Gato";Verde;"Carne";Rojo
Carlos;48;"Perro";Azul;"Pescado";Pescado
Beatriz;76;"Perro";Azul;"Carne";Verde
Alex;79;"Perro";Verde;"Carne";Gato
Carlos;79;"Gato";Azul;"Carne";Perro
Berto;76;"Gato";Verde;"Carne";Rojo
Carlos;54;"Perro";Azul;"Verdura";Gato
Diana;43;"Tortuga";Azul;"Verdura";Verdura
Beatriz;60;"Perro";Azul;"Carne";Azul
Diana;38;"Perro";Verde;"Pescado";Pescado
Cristina;17;"Perro";Azul;"Pescado";Carne
Diana;35;"Gato";Rojo;"Pescado";Gato
Alex;98;"Perro";Verde;"Carne";Verde
Beatriz;61;"Perro";Verde;"Carne";Tortuga
Diego;71;"Perro";Verde;"Carne";Perro
Beatriz;94;"Perro";Verde;"Carne";Rojo
Berto;96;"Perro";Rojo;"Pescado";Carne
Anna;36;"Perro";Azul;"Pescado";Azul
Cristina;21;"Tortuga";Azul;"Carne";Rojo
Cristina;55;"Gato";Rojo;"Verdura";Pescado
Cristina;26;"Perro";Verde;"Pescado";Perro
Alex;30;"Perro";Verde;"Carne";Carne
Diana;41;"Perro";Azul;"Verdura";Azul
Beatriz;52;"Perro";Azul;"Carne";Verde
Beatriz;23;"Perro";Azul;"Carne";Pescado
Beatriz;74;"Gato";Rojo;"Pescado";Gato
Diego;11;"Perro";Verde;"Verdura";Perro
Diego;31;"Perro";Azul;"Carne";Carne
Beatriz;78;"Gato";Azul;"Carne";Tortuga
Beatriz;20;"Perro";Azul;"Carne";Carne
Diego;72;"Gato";Azul;"Pescado";Carne
Diego;36;"Gato";Verde;"Carne";Rojo
Anna;85;"Perro";Azul;"Carne";Tortuga
Diana;17;"Perro";Azul;"Carne";Gato
Alex;36;"Perro";Verde;"Verdura";Perro
Berto;97;"Gato";Verde;"Verdura";Verdura
Beatriz;71;"Perro";Azul;"Pescado";Gato
Alex;81;"Perro";Azul;"Carne";Tortuga
Carlos;43;"Perro";Rojo;"Carne";Verde
Diego;26;"Perro";Rojo;"Pescado";Perro
Carlos;60;"Tortuga";Rojo;"Pescado";Gato
Diego;79;"Perro";Azul;"Carne";Tortuga
Beatriz;82;"Perro";Rojo;"Pescado";Tortuga
Alex;25;"Perro";Azul;"Carne";Tortuga
Cristina;81;"Gato";Verde;"Carne";Perro
Berto;82;"Perro";Azul;"Carne";Perro
Anna;45;"Perro";Azul;"Carne";Verdura
Berto;50;"Tortuga";Azul;"Verdura";Verdura
Diego;50;"Perro";Rojo;"Carne";Pescado
Alex;31;"Tortuga";Verde;"Verdura";Verdura
Diego;79;"Perro";Verde;"Verdura";Pescado
Diego;62;"Gato";Azul;"Carne";Perro
Carlos;50;"Perro";Azul;"Pescado";Gato
Cristina;96;"Tortuga";Verde;"Carne";Rojo
Carlos;26;"Gato";Azul;"Carne";Tortuga
Diana;43;"Tortuga";Rojo;"Pescado";Rojo
Berto;56;"Perro";Azul;"Verdura";Azul
Beatriz;100;"Perro";Rojo;"Pescado";Tortuga
Anna;33;"Gato";Rojo;"Carne";Verdura
Alex;86;"Perro";Azul;"Carne";Pescado
Diana;29;"Perro";Rojo;"Pescado";Rojo
Carlos;29;"Tortuga";Verde;"Carne";Carne
Diego;89;"Gato";Rojo;"Carne";Azul
Carlos;44;"Tortuga";Azul;"Pescado";Verdura
Anna;68;"Perro";Verde;"Verdura";Gato
Beatriz;11;"Perro";Azul;"Verdura";Azul
Carlos;52;"Perro";Azul;"Carne";Carne
Alex;18;"Gato";Azul;"Carne";Verde
Alex;68;"Gato";Azul;"Carne";Pescado
Diego;67;"Gato";Verde;"Carne";Gato
Cristina;66;"Perro";Azul;"Carne";Verdura
Carlos;80;"Perro";Azul;"Carne";Azul
Beatriz;29;"Perro";Rojo;"Verdura";Verdura
Carlos;86;"Perro";Azul;"Carne";Tortuga
Anna;55;"Perro";Verde;"Carne";Tortuga
Carlos;29;"Gato";Rojo;"Carne";Carne
Cristina;35;"Perro";Azul;"Verdura";Gato
Berto;28;"Perro";Azul;"Carne";Perro
Beatriz;16;"Tortuga";Azul;"Pescado";Perro
Cristina;39;"Perro";Verde;"Carne";Tortuga
Diana;74;"Perro";Verde;"Verdura";Verdura
Beatriz;91;"Perro";Azul;"Carne";Perro
Anna;87;"Perro";Rojo;"Pescado";Perro
Beatriz;18;"Gato";Rojo;"Carne";Tortuga
Cristina;20;"Perro";Verde;"Carne";Verdura
Anna;41;"Gato";Verde;"Carne";Verdura
Diana;62;"Gato";Rojo;"Carne";Verde
Beatriz;63;"Gato";Verde;"Carne";Carne
Alex;42;"Perro";Verde;"Carne";Rojo
Diana;31;"Perro";Azul;"Verdura";Perro
Beatriz;55;"Perro";Azul;"Carne";Verdura
Berto;16;"Gato";Rojo;"Verdura";Verdura
Carlos;51;"Perro";Verde;"Carne";Pescado
Anna;80;"Gato";Azul;"Carne";Pescado
Beatriz;74;"Gato";Azul;"Carne";Rojo
Carlos;84;"Perro";Azul;"Carne";Tortuga
Cristina;90;"Perro";Verde;"Pescado";Verdura
Alex;70;"Gato";Azul;"Carne";Verde
Carlos;79;"Perro";Rojo;"Carne";Rojo
Carlos;10;"Tortuga";Rojo;"Carne";Carne
Anna;29;"Perro";Verde;"Carne";Gato
Berto;11;"Perro";Azul;"Carne";Verdura
Diego;77;"Tortuga";Azul;"Carne";Azul
Beatriz;17;"Perro";Rojo;"Verdura";Verdura
Diego;24;"Perro";Verde;"Carne";Pescado
Diego;95;"Gato";Azul;"Carne";Perro
Beatriz;91;"Tortuga";Azul;"Pescado";Rojo
Carlos;35;"Perro";Verde;"Carne";Verdura
Cristina;23;"Perro";Rojo;"Carne";Perro
Carlos;74;"Tortuga";Rojo;"Pescado";Pescado
Beatriz;17;"Gato";Verde;"Verdura";Azul
Cristina;21;"Perro";Verde;"Carne";Carne
Berto;33;"Perro";Azul;"Carne";Tortuga
Carlos;61;"Perro";Rojo;"Carne";Perro
Alex;31;"Gato";Azul;"Carne";Tortuga
Carlos;25;"Perro";Verde;"Carne";Verdura
Alex;59;"Perro";Azul;"Pescado";Tortuga
Diego;17;"Tortuga";Verde;"Carne";Azul
Anna;44;"Perro";Azul;"Verdura";Gato
Diego;73;"Gato";Verde;"Pescado";Rojo
Diego;73;"Gato";Azul;"Carne";Perro
Diego;13;"Gato";Azul;"Carne";Azul
Diego;55;"Tortuga";Verde;"Carne";Carne
Berto;90;"Perro";Verde;"Pescado";Rojo
Carlos;99;"Gato";Verde;"Verdura";Rojo
Anna;61;"Perro";Azul;"Carne";Perro
Diana;62;"Perro";Azul;"Carne";Gato
Diana;64;"Perro";Verde;"Pescado";Verde
Diego;44;"Perro";Azul;"Pescado";Verdura
Beatriz;60;"Perro";Azul;"Carne";Azul
Cristina;75;"Gato";Rojo;"Verdura";Pescado
Beatriz;26;"Perro";Verde;"Carne";Rojo
Cristina;47;"Gato";Rojo;"Carne";Verdura
Alex;42;"Perro";Azul;"Carne";Tortuga
Diego;12;"Perro";Rojo;"Carne";Pescado
Cristina;94;"Perro";Rojo;"Carne";Azul
Diego;60;"Perro";Azul;"Carne";Verdura
Alex;35;"Gato";Verde;"Carne";Perro
Alex;47;"Perro";Rojo;"Verdura";Verdura
Carlos;91;"Perro";Verde;"Carne";Verde
Carlos;44;"Perro";Rojo;"Carne";Verde
Anna;39;"Perro";Verde;"Carne";Perro
Diana;18;"Perro";Rojo;"Carne";Azul
Berto;97;"Gato";Azul;"Verdura";Pescado
Carlos;92;"Perro";Verde;"Carne";Perro
Diana;83;"Gato";Azul;"Carne";Rojo
Diego;99;"Gato";Azul;"Carne";Carne
Alex;24;"Perro";Verde;"Verdura";Azul
Anna;57;"Perro";Azul;"Carne";Azul
Berto;68;"Gato";Verde;"Carne";Azul
Carlos;33;"Perro";Azul;"Verdura";Pescado
Cristina;92;"Gato";Rojo;"Carne";Verde
Diana;43;"Gato";Verde;"Carne";Perro
Diego;52;"Gato";Azul;"Carne";Tortuga
Diego;45;"Perro";Azul;"Verdura";Verdura
Alex;18;"Perro";Rojo;"Verdura";Perro
Diego;41;"Perro";Rojo;"Pescado";Carne
Carlos;51;"Gato";Rojo;"Carne";Carne
Alex;97;"Perro";Azul;"Carne";Pescado
Alex;65;"Perro";Verde;"Carne";Azul
Carlos;56;"Perro";Verde;"Pescado";Carne
Berto;82;"Perro";Rojo;"Verdura";Rojo
Berto;83;"Perro";Verde;"Carne";Tortuga
Anna;28;"Perro";Verde;"Carne";Azul
Carlos;22;"Perro";Verde;"Carne";Rojo
Diana;17;"Perro";Verde;"Carne";Gato
Berto;75;"Perro";Azul;"Verdura";Verde
Berto;85;"Perro";Azul;"Carne";Gato
Diana;53;"Perro";Verde;"Carne";Rojo
Berto;83;"Perro";Verde;"Carne";Perro
Diana;19;"Perro";Azul;"Carne";Gato
Carlos;57;"Perro";Azul;"Verdura";Carne
Berto;50;"Perro";Azul;"Carne";Carne
Alex;81;"Perro";Rojo;"Carne";Verdura
Beatriz;20;"Perro";Azul;"Carne";Carne
Diana;78;"Perro";Azul;"Carne";Gato
Alex;33;"Perro";Azul;"Verdura";Carne
Diana;95;"Perro";Verde;"Carne";Carne
Anna;79;"Tortuga";Azul;"Carne";Carne
Diana;97;"Perro";Rojo;"Carne";Perro
Anna;11;"Perro";Rojo;"Carne";Verde
Diana;79;"Perro";Verde;"Verdura";Carne
Diego;37;"Perro";Verde;"Carne";Rojo
Diana;60;"Perro";Verde;"Carne";Rojo
Carlos;16;"Perro";Azul;"Carne";Verdura
Alex;100;"Perro";Rojo;"Pescado";Tortuga
Anna;92;"Gato";Verde;"Carne";Azul
Cristina;11;"Perro";Verde;"Carne";Rojo
Anna;92;"Gato";Verde;"Carne";Rojo
Alex;56;"Perro";Azul;"Pescado";Verde
Carlos;94;"Gato";Verde;"Carne";Azul
Alex;77;"Gato";Azul;"Pescado";Gato
Beatriz;45;"Perro";Rojo;"Carne";Rojo
Cristina;76;"Perro";Azul;"Carne";Verdura
Diego;22;"Gato";Azul;"Carne";Pescado
Anna;40;"Perro";Rojo;"Carne";Gato
Diego;93;"Perro";Verde;"Carne";Gato
Carlos;73;"Perro";Azul;"Carne";Tortuga
Berto;25;"Perro";Verde;"Carne";Verdura
Anna;74;"Gato";Azul;"Pescado";Pescado
Cristina;25;"Gato";Verde;"Verdura";Verdura
Cristina;55;"Gato";Azul;"Carne";Pescado
Anna;90;"Gato";Azul;"Verdura";Verde
Diana;29;"Gato";Azul;"Pescado";Gato
Beatriz;100;"Perro";Azul;"Carne";Pescado
Berto;17;"Perro";Rojo;"Verdura";Verde
Diana;41;"Perro";Azul;"Carne";Rojo
Diana;37;"Gato";Verde;"Carne";Carne
Diana;71;"Gato";Azul;"Carne";Verde
Diana;58;"Tortuga";Azul;"Carne";Verde
Diana;95;"Perro";Azul;"Verdura";Gato
Berto;55;"Perro";Verde;"Pescado";Gato
Beatriz;45;"Gato";Rojo;"Carne";Verde
Berto;15;"Perro";Verde;"Verdura";Rojo
Cristina;22;"Perro";Verde;"Carne";Pescado
Diego;93;"Perro";Azul;"Carne";Verdura
Carlos;60;"Perro";Verde;"Carne";Verdura
Diana;15;"Gato";Rojo;"Verdura";Rojo
Berto;47;"Perro";Rojo;"Carne";Carne
Berto;55;"Perro";Verde;"Carne";Carne
Diego;36;"Perro";Verde;"Pescado";Azul
Diego;46;"Perro";Azul;"Carne";Carne
Diego;62;"Gato";Verde;"Carne";Rojo
Carlos;36;"Gato";Azul;"Verdura";Gato
Carlos;35;"Gato";Azul;"Pescado";Carne
Alex;24;"Perro";Azul;"Carne";Perro
Anna;88;"Perro";Verde;"Verdura";Gato
Carlos;70;"Gato";Verde;"Carne";Azul
Berto;42;"Perro";Azul;"Carne";Azul
Diego;69;"Gato";Rojo;"Carne";Verdura
Diana;25;"Perro";Azul;"Carne";Perro
Diana;93;"Gato";Verde;"Carne";Carne
Alex;68;"Perro";Azul;"Carne";Rojo
Diego;31;"Gato";Verde;"Carne";Carne
Cristina;72;"Perro";Verde;"Carne";Pescado
Diego;17;"Gato";Azul;"Verdura";Gato
Berto;25;"Perro";Azul;"Carne";Gato
Cristina;20;"Perro";Azul;"Carne";Gato
Diana;74;"Perro";Azul;"Carne";Perro
Beatriz;44;"Perro";Rojo;"Pescado";Pescado
Berto;12;"Perro";Rojo;"Carne";Tortuga
Diego;36;"Perro";Rojo;"Verdura";Verde
Diego;95;"Perro";Rojo;"Carne";Verde
Diego;56;"Perro";Azul;"Carne";Perro
Diego;92;"Gato";Azul;"Pescado";Verdura
Cristina;60;"Perro";Azul;"Carne";Verdura
Carlos;46;"Perro";Azul;"Carne";Carne
Cristina;76;"Perro";Verde;"Carne";Carne
Cristina;44;"Perro";Verde;"Pescado";Perro
Alex;75;"Perro";Azul;"Verdura";Rojo
Diego;40;"Perro";Azul;"Verdura";Perro
Diego;78;"Gato";Azul;"Pescado";Carne
Carlos;93;"Perro";Azul;"Carne";Tortuga
Anna;29;"Perro";Verde;"Pescado";Verde
Beatriz;22;"Perro";Azul;"Carne";Tortuga
Diana;23;"Gato";Verde;"Carne";Carne
Diana;70;"Perro";Azul;"Carne";Tortuga
Beatriz;84;"Gato";Azul;"Carne";Tortuga
Berto;23;"Perro";Verde;"Verdura";Carne
Diego;83;"Perro";Azul;"Carne";Rojo
Diana;14;"Gato";Azul;"Carne";Perro
Berto;66;"Perro";Verde;"Carne";Verde
Berto;59;"Perro";Verde;"Carne";Azul
Diana;87;"Perro";Rojo;"Verdura";Gato
Beatriz;89;"Perro";Verde;"Pescado";Verdura
Berto;74;"Gato";Verde;"Pescado";Perro
Carlos;37;"Perro";Azul;"Pescado";Azul
Alex;21;"Gato";Rojo;"Carne";Azul
Diana;79;"Tortuga";Verde;"Verdura";Azul
Beatriz;17;"Perro";Azul;"Verdura";Rojo
Diana;20;"Perro";Verde;"Carne";Verde
Berto;89;"Perro";Azul;"Carne";Verde
Anna;20;"Perro";Azul;"Verdura";Gato
Diana;94;"Perro";Verde;"Carne";Verde
Alex;40;"Perro";Azul;"Pescado";Azul
Anna;89;"Perro";Azul;"Pescado";Azul
Carlos;13;"Perro";Azul;"Carne";Carne
Diana;51;"Perro";Azul;"Carne";Verde
Alex;19;"Gato";Verde;"Carne";Verdura
Anna;26;"Perro";Verde;"Carne";Verde
Diego;33;"Perro";Azul;"Carne";Carne
Cristina;19;"Perro";Azul;"Verdura";Pescado
Diego;44;"Perro";Azul;"Carne";Gato
Cristina;63;"Perro";Azul;"Carne";Verdura
Diana;94;"Perro";Rojo;"Carne";Tortuga
Berto;79;"Tortuga";Verde;"Pescado";Perro
Diana;73;"Perro";Azul;"Carne";Perro
Beatriz;62;"Perro";Verde;"Verdura";Tortuga
Diego;91;"Perro";Azul;"Carne";Carne
Beatriz;34;"Gato";Verde;"Carne";Pescado
Beatriz;71;"Perro";Verde;"Carne";Verde
Diego;12;"Gato";Azul;"Pescado";Gato
Berto;24;"Gato";Azul;"Verdura";Verdura
Anna;19;"Gato";Azul;"Carne";Gato
Anna;41;"Gato";Verde;"Carne";Perro
Beatriz;60;"Gato";Azul;"Verdura";Perro
Beatriz;43;"Perro";Verde;"Carne";Perro
Berto;33;"Perro";Azul;"Carne";Verde
Beatriz;63;"Perro";Verde;"Carne";Carne
Beatriz;66;"Perro";Azul;"Carne";Tortuga
Diego;19;"Perro";Azul;"Pescado";Verdura
Diego;15;"Gato";Verde;"Carne";Pescado
Cristina;75;"Perro";Azul;"Verdura";Gato
Diana;82;"Gato";Verde;"Pescado";Tortuga
Alex;47;"Perro";Verde;"Carne";Tortuga
Alex;98;"Perro";Verde;"Carne";Azul
Anna;18;"Perro";Azul;"Carne";Tortuga
Carlos;20;"Perro";Azul;"Carne";Tortuga
Diana;93;"Perro";Azul;"Carne";Azul
Diana;43;"Perro";Azul;"Carne";Verdura
Berto;89;"Perro";Rojo;"Carne";Tortuga
Beatriz;70;"Gato";Azul;"Carne";Azul
Berto;48;"Perro";Rojo;"Carne";Verde
Beatriz;62;"Perro";Rojo;"Carne";Gato
Beatriz;99;"Gato";Verde;"Carne";Pescado
Diego;31;"Perro";Rojo;"Carne";Carne
Diego;70;"Gato";Azul;"Carne";Gato
Beatriz;12;"Perro";Rojo;"Carne";Azul
Carlos;48;"Gato";Azul;"Verdura";Verde
Berto;72;"Perro";Azul;"Verdura";Pescado
Beatriz;97;"Perro";Azul;"Carne";Rojo
Alex;33;"Gato";Azul;"Carne";Gato
Cristina;73;"Perro";Rojo;"Carne";Gato
Beatriz;92;"Perro";Verde;"Carne";Verde
Carlos;44;"Gato";Verde;"Carne";Carne
Diego;18;"Gato";Verde;"Verdura";Pescado
Cristina;14;"Perro";Verde;"Carne";Tortuga
Berto;93;"Perro";Azul;"Carne";Gato
Diana;10;"Perro";Azul;"Carne";Verdura
Diego;45;"Perro";Azul;"Carne";Verdura
Berto;64;"Perro";Verde;"Verdura";Pescado
Anna;87;"Perro";Azul;"Carne";Azul
Berto;24;"Gato";Azul;"Pescado";Tortuga
Carlos;90;"Perro";Rojo;"Carne";Gato
Diego;82;"Gato";Azul;"Carne";Rojo
Berto;75;"Gato";Azul;"Pescado";Perro
Alex;97;"Gato";Azul;"Pescado";Carne
Cristina;87;"Gato";Azul;"Carne";Verdura
Berto;61;"Perro";Verde;"Carne";Verdura
Anna;62;"Gato";Azul;"Carne";Verde
Anna;29;"Gato";Azul;"Pescado";Tortuga
Carlos;36;"Perro";Azul;"Verdura";Verdura
Diego;52;"Perro";Azul;"Carne";Azul
Berto;77;"Tortuga";Azul;"Carne";Verde
Diana;70;"Perro";Azul;"Pescado";Tortuga
Carlos;35;"Tortuga";Rojo;"Carne";Verde
Anna;44;"Perro";Verde;"Carne";Azul
Alex;70;"Perro";Verde;"Verdura";Rojo
Diego;71;"Perro";Rojo;"Verdura";Gato
Carlos;80;"Gato";Azul;"Carne";Verdura
Diana;28;"Perro";Verde;"Carne";Pescado
Anna;10;"Perro";Rojo;"Carne";Azul
Beatriz;83;"Gato";Azul;"Carne";Perro
Alex;64;"Perro";Azul;"Carne";Carne
Diego;41;"Gato";Azul;"Carne";Azul
Diana;32;"Perro";Azul;"Carne";Azul
Beatriz;61;"Perro";Azul;"Carne";Perro
Anna;31;"Perro";Verde;"Pescado";Gato
Anna;62;"Perro";Verde;"Pescado";Gato
Alex;56;"Gato";Rojo;"Pescado";Pescado
Anna;36;"Perro";Verde;"Carne";Perro
Anna;37;"Perro";Azul;"Pescado";Verde
Cristina;38;"Perro";Verde;"Carne";Verde
Alex;31;"Perro";Azul;"Pescado";Perro
Berto;44;"Perro";Azul;"Verdura";Azul
Diego;19;"Perro";Azul;"Carne";Pescado
Carlos;83;"Perro";Rojo;"Verdura";Azul
Carlos;39;"Perro";Verde;"Verdura";Gato
Carlos;65;"Perro";Azul;"Verdura";Verdura
Beatriz;94;"Perro";Azul;"Carne";Pescado
Alex;89;"Perro";Azul;"Pescado";Perro
Anna;63;"Perro";Verde;"Carne";Verde
Anna;18;"Gato";Rojo;"Carne";Verde
Anna;15;"Perro";Verde;"Carne";Verde
Cristina;32;"Gato";Azul;"Verdura";Gato
Diego;26;"Perro";Azul;"Carne";Tortuga
Anna;44;"Perro";Verde;"Carne";Pescado
Cristina;55;"Gato";Azul;"Carne";Carne
Alex;20;"Gato";Azul;"Carne";Pescado
Anna;66;"Tortuga";Azul;"Pescado";Verdura
Alex;53;"Gato";Verde;"Verdura";Gato
Anna;21;"Perro";Rojo;"Verdura";Verdura
Alex;67;"Tortuga";Rojo;"Pescado";Pescado
Berto;29;"Gato";Azul;"Carne";Rojo
Alex;33;"Gato";Azul;"Verdura";Verdura
Alex;48;"Perro";Verde;"Carne";Verdura
Berto;40;"Perro";Verde;"Pescado";Azul
Diego;76;"Gato";Verde;"Pescado";Rojo
Alex;42;"Gato";Rojo;"Carne";Tortuga
Beatriz;63;"Perro";Verde;"Carne";Gato
Carlos;67;"Perro";Azul;"Pescado";Perro
Anna;59;"Perro";Rojo;"Pescado";Tortuga
Diana;61;"Tortuga";Azul;"Verdura";Verdura
Diana;93;"Perro";Azul;"Verdura";Verde
Berto;92;"Perro";Rojo;"Carne";Gato
Carlos;79;"Perro";Azul;"Verdura";Rojo
Anna;37;"Perro";Azul;"Carne";Perro
Berto;96;"Gato";Azul;"Carne";Gato
Diego;93;"Gato";Rojo;"Verdura";Azul
Berto;71;"Perro";Verde;"Carne";Perro
Carlos;35;"Perro";Azul;"Carne";Gato
Carlos;34;"Perro";Azul;"Verdura";Gato
Carlos;80;"Gato";Verde;"Verdura";Rojo
Carlos;91;"Perro";Azul;"Verdura";Carne
Carlos;99;"Perro";Azul;"Carne";Perro
Berto;26;"Perro";Verde;"Carne";Rojo
Carlos;31;"Perro";Azul;"Carne";Azul
Carlos;27;"Gato";Azul;"Carne";Verdura
Alex;99;"Gato";Rojo;"Carne";Tortuga
Carlos;70;"Gato";Verde;"Carne";Perro
Beatriz;53;"Perro";Azul;"Carne";Verdura
Diana;23;"Perro";Azul;"Verdura";Gato
Berto;36;"Perro";Azul;"Pescado";Gato
Alex;28;"Perro";Azul;"Carne";Carne
Anna;41;"Gato";Azul;"Verdura";Verdura
Cristina;28;"Perro";Azul;"Pescado";Gato
Beatriz;12;"Perro";Verde;"Carne";Carne
Carlos;28;"Perro";Azul;"Verdura";Verdura
Diego;90;"Perro";Azul;"Verdura";Rojo
Diego;78;"Perro";Verde;"Verdura";Pescado
Berto;57;"Perro";Verde;"Pescado";Carne
Berto;37;"Gato";Verde;"Carne";Azul
Anna;35;"Gato";Azul;"Carne";Perro
Beatriz;94;"Perro";Azul;"Carne";Tortuga
Anna;70;"Gato";Azul;"Pescado";Carne
Alex;36;"Perro";Verde;"Carne";Perro
Beatriz;58;"Perro";Azul;"Carne";Verdura
Cristina;82;"Gato";Verde;"Pescado";Pescado
Alex;77;"Gato";Azul;"Pescado";Verde
Berto;22;"Perro";Rojo;"Pescado";Tortuga
Diana;18;"Perro";Verde;"Carne";Azul
Beatriz;19;"Perro";Verde;"Carne";Verde
Diego;98;"Perro";Azul;"Verdura";Rojo
Alex;62;"Perro";Azul;"Verdura";Gato
Alex;67;"Gato";Azul;"Carne";Carne
Diego;37;"Perro";Azul;"Carne";Carne
Diego;62;"Perro";Verde;"Carne";Perro
Alex;60;"Perro";Rojo;"Verdura";Tortuga
Carlos;12;"Perro";Verde;"Carne";Pescado
Alex;97;"Perro";Azul;"Carne";Tortuga
Berto;48;"Gato";Azul;"Pescado";Verdura
Anna;55;"Gato";Rojo;"Carne";Carne
Anna;45;"Perro";Verde;"Carne";Gato
Beatriz;92;"Perro";Rojo;"Verdura";Verdura
Carlos;70;"Perro";Azul;"Carne";Tortuga
Cristina;76;"Perro";Azul;"Carne";Azul
Cristina;35;"Gato";Azul;"Carne";Pescado
Cristina;36;"Perro";Azul;"Carne";Pescado
Berto;35;"Perro";Verde;"Verdura";Carne
Alex;99;"Perro";Azul;"Carne";Verdura
Carlos;15;"Perro";Azul;"Verdura";Pescado
Cristina;33;"Gato";Verde;"Carne";Azul
Carlos;89;"Gato";Azul;"Carne";Carne
Berto;10;"Perro";Rojo;"Verdura";Rojo
Beatriz;25;"Perro";Azul;"Carne";Azul
Diego;77;"Perro";Azul;"Carne";Gato
Cristina;51;"Perro";Verde;"Carne";Tortuga
Diego;48;"Gato";Azul;"Carne";Carne
Anna;90;"Gato";Azul;"Pescado";Gato
Alex;81;"Tortuga";Verde;"Verdura";Carne
Alex;70;"Perro";Verde;"Carne";Carne
Diana;53;"Perro";Verde;"Verdura";Perro
Berto;55;"Perro";Rojo;"Carne";Perro
Beatriz;100;"Gato";Rojo;"Carne";Perro
Berto;53;"Perro";Azul;"Carne";Perro
Berto;66;"Gato";Verde;"Carne";Gato
Berto;78;"Perro";Azul;"Carne";Rojo
Diana;81;"Perro";Azul;"Pescado";Rojo
Diana;56;"Perro";Rojo;"Carne";Gato
Carlos;38;"Perro";Verde;"Pescado";Rojo
Cristina;28;"Perro";Azul;"Verdura";Pescado
Berto;93;"Gato";Rojo;"Carne";Tortuga
Anna;23;"Perro";Azul;"Carne";Pescado
Alex;52;"Perro";Azul;"Pescado";Tortuga
Diana;62;"Perro";Azul;"Carne";Verdura
Diego;65;"Perro";Rojo;"Carne";Verde
Cristina;25;"Gato";Verde;"Verdura";Verde
Alex;45;"Perro";Azul;"Pescado";Pescado
Diego;12;"Gato";Azul;"Pescado";Verdura
Alex;32;"Gato";Azul;"Verdura";Gato
Anna;44;"Perro";Azul;"Verdura";Pescado
Diego;53;"Gato";Verde;"Carne";Perro
Berto;49;"Perro";Verde;"Carne";Verdura
Alex;93;"Perro";Verde;"Carne";Verdura
Anna;24;"Perro";Verde;"Carne";Gato
Carlos;80;"Perro";Rojo;"Carne";Verde
Cristina;59;"Perro";Azul;"Carne";Carne
Berto;68;"Gato";Azul;"Pescado";Verde
Cristina;76;"Perro";Azul;"Carne";Azul
Diana;66;"Tortuga";Verde;"Pescado";Carne
Berto;63;"Perro";Azul;"Carne";Perro
Carlos;33;"Perro";Azul;"Carne";Carne
Diana;47;"Perro";Azul;"Carne";Perro
Anna;22;"Perro";Azul;"Carne";Verde
Anna;57;"Perro";Azul;"Carne";Gato
Berto;95;"Perro";Verde;"Carne";Tortuga
Diego;45;"Perro";Azul;"Carne";Azul
Berto;56;"Perro";Verde;"Pescado";Tortuga
Alex;35;"Perro";Verde;"Pescado";Pescado
Cristina;74;"Perro";Azul;"Carne";Carne
Carlos;53;"Perro";Azul;"Carne";Pescado
Cristina;15;"Gato";Verde;"Verdura";Verdura
Cristina;67;"Perro";Azul;"Verdura";Pescado
Diego;75;"Gato";Rojo;"Carne";Rojo
Berto;35;"Perro";Rojo;"Carne";Azul
Anna;83;"Perro";Azul;"Carne";Carne
Carlos;76;"Gato";Verde;"Carne";Gato
Diego;50;"Perro";Azul;"Verdura";Perro
Beatriz;80;"Gato";Azul;"Carne";Pescado
Cristina;79;"Gato";Verde;"Carne";Gato
Berto;30;"Gato";Azul;"Pescado";Pescado
Berto;100;"Perro";Azul;"Carne";Carne
Anna;44;"Perro";Azul;"Pescado";Carne
Anna;32;"Perro";Azul;"Verdura";Verdura
Cristina;65;"Perro";Azul;"Carne";Gato
Carlos;59;"Gato";Verde;"Carne";Azul
Diego;79;"Gato";Rojo;"Carne";Tortuga
Alex;91;"Perro";Rojo;"Pescado";Rojo
Anna;78;"Perro";Azul;"Verdura";Verde
Diana;41;"Perro";Azul;"Carne";Azul
Cristina;64;"Perro";Verde;"Pescado";Gato
Alex;50;"Gato";Azul;"Carne";Carne
Alex;82;"Perro";Azul;"Pescado";Tortuga
Alex;86;"Perro";Verde;"Verdura";Azul
Alex;42;"Perro";Rojo;"Carne";Verde
Cristina;23;"Gato";Azul;"Carne";Verdura
Diego;38;"Perro";Azul;"Verdura";Pescado
Anna;55;"Perro";Verde;"Pescado";Verde
Alex;86;"Perro";Verde;"Carne";Gato
Diana;34;"Perro";Verde;"Carne";Azul
Alex;12;"Gato";Verde;"Verdura";Rojo
Berto;83;"Perro";Azul;"Carne";Gato
Carlos;33;"Perro";Azul;"Carne";Verde
Cristina;61;"Perro";Azul;"Carne";Gato
Diana;29;"Gato";Verde;"Carne";Rojo
Anna;45;"Perro";Azul;"Carne";Gato
Anna;78;"Perro";Azul;"Carne";Tortuga
Diana;22;"Perro";Verde;"Verdura";Tortuga
Alex;57;"Perro";Azul;"Pescado";Verdura
Anna;24;"Tortuga";Azul;"Carne";Pescado
Diego;49;"Perro";Azul;"Carne";Tortuga
Cristina;70;"Perro";Verde;"Carne";Verde
Alex;94;"Perro";Verde;"Verdura";Verdura
Diana;22;"Perro";Rojo;"Carne";Azul
Carlos;59;"Perro";Azul;"Pescado";Verdura
Diana;46;"Perro";Verde;"Carne";Rojo
Alex;42;"Perro";Rojo;"Carne";Pescado
Cristina;16;"Perro";Rojo;"Carne";Perro
Diego;19;"Perro";Azul;"Carne";Tortuga
Anna;13;"Perro";Rojo;"Carne";Perro
Beatriz;26;"Perro";Azul;"Carne";Pescado
Carlos;85;"Perro";Verde;"Carne";Pescado
Anna;27;"Perro";Verde;"Carne";Verdura
Diana;50;"Perro";Verde;"Carne";Perro
Berto;98;"Perro";Verde;"Carne";Perro
Alex;100;"Perro";Verde;"Carne";Verdura
Beatriz;44;"Perro";Rojo;"Carne";Azul
Alex;30;"Perro";Verde;"Carne";Verdura
Diana;91;"Perro";Azul;"Verdura";Carne
Beatriz;89;"Perro";Azul;"Carne";Verdura
Diego;54;"Perro";Azul;"Verdura";Carne
Beatriz;89;"Perro";Azul;"Carne";Carne
Carlos;69;"Perro";Azul;"Pescado";Tortuga
Carlos;18;"Tortuga";Azul;"Carne";Tortuga
Anna;47;"Perro";Azul;"Verdura";Tortuga
Carlos;88;"Perro";Azul;"Pescado";Pescado
Cristina;57;"Gato";Verde;"Pescado";Pescado
Anna;86;"Gato";Azul;"Carne";Rojo
Beatriz;35;"Perro";Verde;"Verdura";Carne
Carlos;79;"Tortuga";Verde;"Verdura";Tortuga
Diana;38;"Perro";Azul;"Pescado";Perro
Anna;96;"Perro";Verde;"Carne";Gato
Carlos;84;"Perro";Azul;"Carne";Rojo
Alex;31;"Perro";Azul;"Carne";Rojo
Anna;71;"Gato";Azul;"Carne";Azul
Diego;11;"Gato";Verde;"Pescado";Verdura
Alex;43;"Perro";Rojo;"Carne";Rojo
Cristina;32;"Perro";Azul;"Carne";Rojo
Anna;88;"Perro";Rojo;"Carne";Pescado
Berto;94;"Perro";Verde;"Carne";Verdura
Berto;46;"Perro";Azul;"Carne";Rojo
Beatriz;73;"Perro";Azul;"Carne";Tortuga
Diana;18;"Perro";Rojo;"Carne";Rojo
Diana;98;"Perro";Azul;"Carne";Gato
Carlos;68;"Perro";Azul;"Verdura";Verdura
Anna;25;"Perro";Azul;"Carne";Perro
Berto;72;"Gato";Verde;"Carne";Rojo
Anna;15;"Perro";Rojo;"Verdura";Gato
Diego;41;"Perro";Azul;"Pescado";Carne
Alex;81;"Gato";Azul;"Carne";Gato
Alex;76;"Gato";Verde;"Pescado";Tortuga
Diana;26;"Gato";Azul;"Pescado";Gato
Berto;100;"Perro";Rojo;"Carne";Azul
Alex;23;"Gato";Azul;"Verdura";Rojo
Cristina;73;"Gato";Azul;"Pescado";Perro
Diego;78;"Perro";Azul;"Carne";Perro
Diego;47;"Perro";Verde;"Verdura";Tortuga
Berto;21;"Perro";Verde;"Carne";Gato
Cristina;41;"Perro";Rojo;"Carne";Perro
Beatriz;48;"Perro";Verde;"Carne";Gato
Carlos;75;"Tortuga";Azul;"Carne";Carne
Anna;18;"Perro";Azul;"Verdura";Gato
Beatriz;67;"Perro";Azul;"Carne";Perro
Beatriz;47;"Tortuga";Azul;"Carne";Verde
Beatriz;62;"Gato";Azul;"Carne";Carne
Alex;78;"Perro";Azul;"Carne";Verdura
Cristina;22;"Gato";Verde;"Carne";Azul
Alex;15;"Gato";Verde;"Pescado";Verde
Carlos;29;"Perro";Rojo;"Carne";Gato
Anna;41;"Tortuga";Azul;"Pescado";Gato
Anna;20;"Perro";Azul;"Carne";Gato
Carlos;97;"Tortuga";Azul;"Pescado";Gato
Alex;81;"Perro";Verde;"Carne";Rojo
Berto;50;"Perro";Rojo;"Verdura";Rojo
Diana;11;"Perro";Azul;"Carne";Gato
Diana;81;"Gato";Azul;"Carne";Perro
Carlos;31;"Perro";Verde;"Carne";Pescado
Diego;35;"Perro";Azul;"Pescado";Verde
Cristina;58;"Perro";Verde;"Carne";Azul
Beatriz;29;"Gato";Azul;"Carne";Tortuga
Anna;70;"Perro";Rojo;"Pescado";Carne
Beatriz;15;"Gato";Verde;"Carne";Carne
Anna;90;"Perro";Verde;"Pescado";Rojo
Beatriz;33;"Perro";Verde;"Verdura";Azul
Diana;18;"Gato";Azul;"Verdura";Azul
Alex;94;"Perro";Azul;"Verdura";Pescado
Diego;39;"Gato";Azul;"Carne";Pescado
Beatriz;85;"Perro";Verde;"Pescado";Verdura
Carlos;73;"Perro";Azul;"Pescado";Carne
Diana;75;"Perro";Azul;"Pescado";Azul
Diana;97;"Perro";Azul;"Carne";Verdura
Beatriz;98;"Perro";Azul;"Pescado";Rojo
Berto;84;"Perro";Azul;"Carne";Azul
Diana;46;"Perro";Verde;"Carne";Verdura
Anna;38;"Perro";Azul;"Verdura";Verdura
Berto;95;"Gato";Azul;"Carne";Pescado
Cristina;50;"Perro";Azul;"Pescado";Azul
Cristina;88;"Perro";Verde;"Carne";Pescado
