nombre;edad;sexo;peso;altura;colesterol
José Luis Martínez Izquierdo;18;H;85,0;1,79;182,0
Rosa Díaz Díaz;32;M;65,0;1,73;232,0
Javier García Sánchez;24;H;;1,81;191,0
Carmen López Pinzón;35;M;65,0;1,7;200,0
Marisa López Collado;46;M;51,0;1,58;148,0
Antonio Ruiz Cruz;68;H;66,0;1,74;249,0
Antonio Fernández Ocaña;51;H;62,0;1,72;276,0
Pilar Martín González;22;M;60,0;1,66;
Pedro Gálvez Tenorio;35;H;90,0;1,94;241,0
Santiago Reillo Manzano;46;H;75,0;1,85;280,0
Macarena Álvarez Luna;53;M;55,0;1,62;262,0
José María de la Guía Sanz;58;H;78,0;1,87;198,0
Miguel Angel Cuadrado Gutiérrez;27;H;109,0;1,98;210,0
Carolina Rubio Moreno;20;M;61,0;1,77;194,0
