animales,colores,comidas,descripcion
gato,azul,carne,mi animal favorito es gato azul carne
perro,rojo,carne,mi animal favorito es perro rojo carne
gato,verde,carne,mi animal favorito es gato verde carne
perro,azul,carne,mi animal favorito es perro azul carne
mono,verde,carne,mi animal favorito es mono verde carne
mono,verde,carne,mi animal favorito es mono verde carne
mono,azul,verdura,mi animal favorito es mono azul verdura
mono,rojo,verdura,mi animal favorito es mono rojo verdura
perro,verde,carne,mi animal favorito es perro verde carne
gato,azul,verdura,mi animal favorito es gato azul verdura
caballo,azul,carne,mi animal favorito es caballo azul carne
caballo,verde,huevos,mi animal favorito es caballo verde huevos
perro,azul,verdura,mi animal favorito es perro azul verdura
gato,rojo,verdura,mi animal favorito es gato rojo verdura
gato,verde,verdura,mi animal favorito es gato verde verdura
gato,azul,verdura,mi animal favorito es gato azul verdura
gato,azul,verdura,mi animal favorito es gato azul verdura
perro,verde,verdura,mi animal favorito es perro verde verdura
caballo,azul,carne,mi animal favorito es caballo azul carne
perro,rojo,huevos,mi animal favorito es perro rojo huevos
gato,verde,huevos,mi animal favorito es gato verde huevos
gato,azul,verdura,mi animal favorito es gato azul verdura
gato,rojo,carne,mi animal favorito es gato rojo carne
gato,azul,huevos,mi animal favorito es gato azul huevos
perro,azul,verdura,mi animal favorito es perro azul verdura
perro,rojo,huevos,mi animal favorito es perro rojo huevos
perro,azul,huevos,mi animal favorito es perro azul huevos
gato,azul,verdura,mi animal favorito es gato azul verdura
mono,rojo,verdura,mi animal favorito es mono rojo verdura
mono,rojo,verdura,mi animal favorito es mono rojo verdura
