"Tiny the Turtle
",Tortuga,Rojo,Carne,6
"Tiny the Turtle
",Tortuga,Rojo,Carne,30
"Tiny the Turtle
",Tortuga,Rojo,Carne,24
"Tiny the Turtle
",Tortuga,Rojo,Carne,2
"Tiny the Turtle
",Tortuga,Rojo,Carne,33
"Tiny the Turtle
",Tortuga,Rojo,Carne,30
"Tiny the Turtle
",Tortuga,Rojo,Carne,33
"Tiny the Turtle
",Tortuga,Rojo,Carne,18
"Tiny the Turtle
",Tortuga,Rojo,Carne,13
"Tiny the Turtle
",Tortuga,Rojo,Carne,4
"Tiny the Turtle
",Tortuga,Rojo,Carne,0
"Tiny the Turtle
",Tortuga,Rojo,Carne,2
